{"cameraMode":{"drawMode":0,"name":"Shaded","section":"Shading Mode"},"sceneLighting":true,"audioPlay":false,"sceneViewState":{"showFog":true,"showMaterialUpdate":false,"showSkybox":false,"showFlares":true,"showImageEffects":true,"showParticleSystems":true},"in2DMode":false,"pivot":{"x":3.6500000953674318,"y":0.44999998807907107,"z":0.0},"rotation":{"x":-0.01905515044927597,"y":0.2730298936367035,"z":-0.005409352481365204,"w":-0.9618019461631775},"size":2.8578836917877199,"orthographic":false}