{"cameraMode":{"drawMode":0,"name":"Shaded","section":"Shading Mode"},"sceneLighting":true,"audioPlay":false,"sceneViewState":{"showFog":true,"showMaterialUpdate":false,"showSkybox":true,"showFlares":true,"showImageEffects":true,"showParticleSystems":true},"in2DMode":false,"pivot":{"x":-16.664936065673829,"y":1.8063054084777833,"z":24.455345153808595},"rotation":{"x":-0.01905515044927597,"y":0.2730298936367035,"z":-0.005409352481365204,"w":-0.9618019461631775},"size":41.36701202392578,"orthographic":false}